[{"name":"bottom_nav_page","qualifiedName":"bottom_nav_page","href":"bottom_nav_page","kind":9,"packageRank":0,"desc":""},{"name":"BottomNavPage","qualifiedName":"bottom_nav_page.BottomNavPage","href":"bottom_nav_page/BottomNavPage-class.html","kind":3,"packageRank":0,"desc":"","enclosedBy":{"name":"bottom_nav_page","kind":9,"href":"bottom_nav_page"}},{"name":"BottomNavPage","qualifiedName":"bottom_nav_page.BottomNavPage.BottomNavPage","href":"bottom_nav_page/BottomNavPage/BottomNavPage.html","kind":2,"packageRank":0,"desc":"","enclosedBy":{"name":"BottomNavPage","kind":3,"href":"bottom_nav_page/BottomNavPage-class.html"}},{"name":"createState","qualifiedName":"bottom_nav_page.BottomNavPage.createState","href":"bottom_nav_page/BottomNavPage/createState.html","kind":10,"overriddenDepth":1,"packageRank":0,"desc":"Creates the mutable state for this widget at a given location in the tree.","enclosedBy":{"name":"BottomNavPage","kind":3,"href":"bottom_nav_page/BottomNavPage-class.html"}},{"name":"HomePage","qualifiedName":"bottom_nav_page.HomePage","href":"bottom_nav_page/HomePage-class.html","kind":3,"packageRank":0,"desc":"","enclosedBy":{"name":"bottom_nav_page","kind":9,"href":"bottom_nav_page"}},{"name":"HomePage","qualifiedName":"bottom_nav_page.HomePage.HomePage","href":"bottom_nav_page/HomePage/HomePage.html","kind":2,"packageRank":0,"desc":"","enclosedBy":{"name":"HomePage","kind":3,"href":"bottom_nav_page/HomePage-class.html"}},{"name":"build","qualifiedName":"bottom_nav_page.HomePage.build","href":"bottom_nav_page/HomePage/build.html","kind":10,"overriddenDepth":1,"packageRank":0,"desc":"Describes the part of the user interface represented by this widget.","enclosedBy":{"name":"HomePage","kind":3,"href":"bottom_nav_page/HomePage-class.html"}},{"name":"checkbox_page","qualifiedName":"checkbox_page","href":"page_checkbox_page","kind":9,"packageRank":0,"desc":""},{"name":"CheckboxPage","qualifiedName":"checkbox_page.CheckboxPage","href":"page_checkbox_page/CheckboxPage-class.html","kind":3,"packageRank":0,"desc":"","enclosedBy":{"name":"checkbox_page","kind":9,"href":"page_checkbox_page"}},{"name":"CheckboxPage","qualifiedName":"checkbox_page.CheckboxPage.CheckboxPage","href":"page_checkbox_page/CheckboxPage/CheckboxPage.html","kind":2,"packageRank":0,"desc":"","enclosedBy":{"name":"CheckboxPage","kind":3,"href":"page_checkbox_page/CheckboxPage-class.html"}},{"name":"createState","qualifiedName":"checkbox_page.CheckboxPage.createState","href":"page_checkbox_page/CheckboxPage/createState.html","kind":10,"overriddenDepth":1,"packageRank":0,"desc":"Creates the mutable state for this widget at a given location in the tree.","enclosedBy":{"name":"CheckboxPage","kind":3,"href":"page_checkbox_page/CheckboxPage-class.html"}},{"name":"list_page","qualifiedName":"list_page","href":"page_list_page","kind":9,"packageRank":0,"desc":""},{"name":"ListPage","qualifiedName":"list_page.ListPage","href":"page_list_page/ListPage-class.html","kind":3,"packageRank":0,"desc":"","enclosedBy":{"name":"list_page","kind":9,"href":"page_list_page"}},{"name":"ListPage","qualifiedName":"list_page.ListPage.ListPage","href":"page_list_page/ListPage/ListPage.html","kind":2,"packageRank":0,"desc":"","enclosedBy":{"name":"ListPage","kind":3,"href":"page_list_page/ListPage-class.html"}},{"name":"createState","qualifiedName":"list_page.ListPage.createState","href":"page_list_page/ListPage/createState.html","kind":10,"overriddenDepth":1,"packageRank":0,"desc":"Creates the mutable state for this widget at a given location in the tree.","enclosedBy":{"name":"ListPage","kind":3,"href":"page_list_page/ListPage-class.html"}},{"name":"Pertemuan","qualifiedName":"list_page.Pertemuan","href":"page_list_page/Pertemuan-class.html","kind":3,"packageRank":0,"desc":"","enclosedBy":{"name":"list_page","kind":9,"href":"page_list_page"}},{"name":"Pertemuan","qualifiedName":"list_page.Pertemuan.Pertemuan","href":"page_list_page/Pertemuan/Pertemuan.html","kind":2,"packageRank":0,"desc":"","enclosedBy":{"name":"Pertemuan","kind":3,"href":"page_list_page/Pertemuan-class.html"}},{"name":"subtitle","qualifiedName":"list_page.Pertemuan.subtitle","href":"page_list_page/Pertemuan/subtitle.html","kind":16,"overriddenDepth":0,"packageRank":0,"desc":"","enclosedBy":{"name":"Pertemuan","kind":3,"href":"page_list_page/Pertemuan-class.html"}},{"name":"title","qualifiedName":"list_page.Pertemuan.title","href":"page_list_page/Pertemuan/title.html","kind":16,"overriddenDepth":0,"packageRank":0,"desc":"","enclosedBy":{"name":"Pertemuan","kind":3,"href":"page_list_page/Pertemuan-class.html"}},{"name":"main","qualifiedName":"main","href":"main","kind":9,"packageRank":0,"desc":""},{"name":"MyApp","qualifiedName":"main.MyApp","href":"main/MyApp-class.html","kind":3,"packageRank":0,"desc":"","enclosedBy":{"name":"main","kind":9,"href":"main"}},{"name":"MyApp","qualifiedName":"main.MyApp.MyApp","href":"main/MyApp/MyApp.html","kind":2,"packageRank":0,"desc":"","enclosedBy":{"name":"MyApp","kind":3,"href":"main/MyApp-class.html"}},{"name":"createState","qualifiedName":"main.MyApp.createState","href":"main/MyApp/createState.html","kind":10,"overriddenDepth":1,"packageRank":0,"desc":"Creates the mutable state for this widget at a given location in the tree.","enclosedBy":{"name":"MyApp","kind":3,"href":"main/MyApp-class.html"}},{"name":"main","qualifiedName":"main.main","href":"main/main.html","kind":8,"packageRank":0,"desc":"","enclosedBy":{"name":"main","kind":9,"href":"main"}},{"name":"pertemuan_page","qualifiedName":"pertemuan_page","href":"page_pertemuan_page","kind":9,"packageRank":0,"desc":""},{"name":"PertemuanPage","qualifiedName":"pertemuan_page.PertemuanPage","href":"page_pertemuan_page/PertemuanPage-class.html","kind":3,"packageRank":0,"desc":"","enclosedBy":{"name":"pertemuan_page","kind":9,"href":"page_pertemuan_page"}},{"name":"PertemuanPage","qualifiedName":"pertemuan_page.PertemuanPage.PertemuanPage","href":"page_pertemuan_page/PertemuanPage/PertemuanPage.html","kind":2,"packageRank":0,"desc":"","enclosedBy":{"name":"PertemuanPage","kind":3,"href":"page_pertemuan_page/PertemuanPage-class.html"}},{"name":"build","qualifiedName":"pertemuan_page.PertemuanPage.build","href":"page_pertemuan_page/PertemuanPage/build.html","kind":10,"overriddenDepth":1,"packageRank":0,"desc":"Describes the part of the user interface represented by this widget.","enclosedBy":{"name":"PertemuanPage","kind":3,"href":"page_pertemuan_page/PertemuanPage-class.html"}},{"name":"pertemuan","qualifiedName":"pertemuan_page.PertemuanPage.pertemuan","href":"page_pertemuan_page/PertemuanPage/pertemuan.html","kind":16,"overriddenDepth":0,"packageRank":0,"desc":"","enclosedBy":{"name":"PertemuanPage","kind":3,"href":"page_pertemuan_page/PertemuanPage-class.html"}},{"name":"profile_page","qualifiedName":"profile_page","href":"page_profile_page","kind":9,"packageRank":0,"desc":""},{"name":"ProfilePage","qualifiedName":"profile_page.ProfilePage","href":"page_profile_page/ProfilePage-class.html","kind":3,"packageRank":0,"desc":"","enclosedBy":{"name":"profile_page","kind":9,"href":"page_profile_page"}},{"name":"ProfilePage","qualifiedName":"profile_page.ProfilePage.ProfilePage","href":"page_profile_page/ProfilePage/ProfilePage.html","kind":2,"packageRank":0,"desc":"","enclosedBy":{"name":"ProfilePage","kind":3,"href":"page_profile_page/ProfilePage-class.html"}},{"name":"createState","qualifiedName":"profile_page.ProfilePage.createState","href":"page_profile_page/ProfilePage/createState.html","kind":10,"overriddenDepth":1,"packageRank":0,"desc":"Creates the mutable state for this widget at a given location in the tree.","enclosedBy":{"name":"ProfilePage","kind":3,"href":"page_profile_page/ProfilePage-class.html"}},{"name":"tab_view_page","qualifiedName":"tab_view_page","href":"tab_view_page","kind":9,"packageRank":0,"desc":""},{"name":"TabViewPage","qualifiedName":"tab_view_page.TabViewPage","href":"tab_view_page/TabViewPage-class.html","kind":3,"packageRank":0,"desc":"","enclosedBy":{"name":"tab_view_page","kind":9,"href":"tab_view_page"}},{"name":"TabViewPage","qualifiedName":"tab_view_page.TabViewPage.TabViewPage","href":"tab_view_page/TabViewPage/TabViewPage.html","kind":2,"packageRank":0,"desc":"","enclosedBy":{"name":"TabViewPage","kind":3,"href":"tab_view_page/TabViewPage-class.html"}},{"name":"build","qualifiedName":"tab_view_page.TabViewPage.build","href":"tab_view_page/TabViewPage/build.html","kind":10,"overriddenDepth":1,"packageRank":0,"desc":"Describes the part of the user interface represented by this widget.","enclosedBy":{"name":"TabViewPage","kind":3,"href":"tab_view_page/TabViewPage-class.html"}}]
